{
  "metric_id": "Wihu2T",
  "queries": {
    "total": 3696070.1900000116,
    "by_attributed_flow": 0,
    "by_attributed_message": 3696070.1900000037,
    "by_flow": 3696070.1900000107
  }
}